strF2B,strB2F,strB2B,strHrad,strBrad
"1.0","0.1","0.000001","10","11"
"1.0","0.01","0.000001","10","11"
"1.0","0.0001","0.000001","10","11"
"1.0","0.000001","0.000001","10","11"
