#Hradius,Bradius,pB2F
10,11,0.0025
20,21,0.000625
40,41,0.00015625
80,81,0.0000390625
100,101,0.000025
500,501,0.000001
